PassengerId,Hometown,Destination,Lifeboat,Body
1,"Bridgerule, Devon, England","Qu'Appelle Valley, Saskatchewan, Canada",,
2,"New York, New York, US","New York, New York, US",4,
3,"Jyväskylä, Finland",New York City,14?,
4,"Scituate, Massachusetts, US","Scituate, Massachusetts, US",D,
5,"Birmingham, West Midlands, England",New York City,,
6,"Cork, Ireland",New York City,,
7,"Dorchester, Massachusetts, US","Dorchester, Massachusetts, US",,175MB
8,"Bjuv, Skåne, Sweden","Chicago, Illinois, US",,
9,"St. Charles, Illinois, US","St. Charles, Illinois, US",15,
10,"Zahlé, Lebanon, Ottoman Empire","Cleveland, Ohio, US",?,
11,"Motala, Östergötland, Sweden","San Francisco, US",13,
12,"Youngstown, Ohio, US","Youngstown, Ohio, US",8,
13,"St Austell, Cornwall, England",New York City,,
14,"Kisa, Östergötland, Sweden","Winnipeg, Manitoba, Canada",,
15,"Salmunds, Gotland, Sweden","Los Angeles, US",,
16,"Lucknow, British India, UK[note 3]","Rapid City, South Dakota, US",13,
17,"Athlone, Westmeath, Ireland","Spokane, Washington, US",,
18,"Harrow, London, England","Chicago, Illinois, US",14,
19,"Pittem, Belgium","Fremont, Ohio, US",,
20,"Tebnine, Lebanon","Michigan City, Indiana, US",C,
21,"Liverpool, Merseyside, England, UK","Montreal, Quebec, Canada",,322M
22,"London, England, UK","Toronto, Ontario, Canada",13,
23,"Massbrook, Mayo, Ireland","Chicago, Illinois, US",13,
24,"New Britain, Connecticut, US","New Britain, Connecticut, US",7,
25,"Bjuv, Skåne, Sweden","Chicago, Illinois, US",,
26,"Alseda, Småland, Sweden","Worcester, Massachusetts, US",15,
27,"Hadath, Lebanon",New York City,,
28,"Winnipeg, Manitoba, Canada","Winnipeg, Manitoba, Canada",,
29,"Limerick, Limerick, Ireland",New York City,?,
30,"Unknown, Bulgaria","Chicago, Illinois, US",,
31,"Mexico City, Mexico","Mexico City, Mexico",,
32,"New York, New York, US","New York, New York, US",6,
33,"Killaloe, Clare, Ireland","Washington, DC, US",13,
34,"Guernsey, Channel Islands","Edgewood, Rhode Island, US",,
35,"New York, New York, US","New York, New York, US",,
36,"New York, New York, US","New York, New York, US",,38MB
37,"Tripoli, Lebanon","Philadelphia, Pennsylvania, US",15,
38,"Penwithick, Cornwall, England",New York City,,
39,"Zwevezele, Belgium","Fremont, Ohio, US",,
40,"El-Hakour, Lebanon","Jacksonville, Florida, US",C,
41,"Göteborg, Västergötland, Sweden","Akeley, Minnesota, US",,
42,"Plymouth, Devon, England","Salt Lake City, Utah, US",,
43,"Vetren, Bulgaria","Madison, Wisconsin, US",,
44,"Paris, France","Cap-Haïtien, Haiti",14,
45,"Kilmacowen, Sligo, Ireland",New York City,C,
46,"Pontardawe, West Glamorgan, Wales",New York City,,
47,"Ballymahon, Longford, Ireland",New York City,,
48,"Ballydehob, Cork, Ireland","Jersey City, New Jersey, US",D,
49,"Hardîne, Lebanon","Wilkes-Barre, Pennsylvania, US",,
50,"Altdorf, Uri, Switzerland","New Glarus, Wisconsin, US",,
51,"Ylihärmä, South Ostrobothnia, Finland","Coal Center, Pennsylvania, US",,
52,"Newton Abbot, Devon, England","Buffalo, New York, US",,
53,"New York, New York, US","New York, New York, US",3,
54,"Manchester, England","Philadelphia, Pennsylvania, US",16,
55,"Providence, Rhode Island, US","Providence, Rhode Island, US",,234MB
56,"London, England, UK","New York, New York, US",D,
57,"Guernsey, Channel Islands","Wilmington, Delaware, US",12,
58,"Kafr Mishki, Lebanon","Ottawa, Ontario, Canada",,181MB
59,"Bournemouth, Dorset, England","Gainesville, Florida, US",10,
60,"Fulham, England","Niagara Falls, New York, US",,
61,"Kiğı, Turkey","Brantford, Ontario, Canada",,
62,"New York, New York, US","New York, New York, US",6,
63,"New York, New York, US","New York, New York, US",,
64,"Hällekis, Västergötland, Sweden","Iron Mountain, Michigan, US",,
65,"Cincinnati, Ohio, US","Gallipolis, Ohio, US",,
66,"Hardîne, Lebanon","Houtzdale, Pennsylvania, US",C,
67,"East Orange, New Jersey, US","East Orange, New Jersey, US",11,
68,"Bristol, Avon, England","Cleveland, Ohio, US",,
69,"Kullaa, Finland",New York City,D,
70,"Zürich, Switzerland","Milwaukee, Wisconsin, US",,
71,"St. Ives, Cornwall, England","Houghton, Michigan, US",,
72,"Fulham, England","Niagara Falls, New York, US",,
73,"Fritham, Hampshire, England","Manitoba, Canada",,
74,"Agios Sostis, Peloponnese, Greece",New York City,,
75,"Hong Kong, China",New York City,C,
76,"Bergen, Norway","Minneapolis, Minnesota, US",,309M
77,"Debnevo, Troyan, Bulgaria","Chicago, Illinois, US",,
78,"London, England",New York City,,
79,"Bangkok, Siam","Roseville, Illinois, US",13,
80,"New York City, New York, US",New York City,13,
81,"Ruiselede, West Flanders, Belgium","Stanton, Ohio, US",,140MB
82,"Haaltert, East Flanders, Belgium","Detroit, Michigan, US",11,
83,"Lahardane, Mayo, Ireland","Chicago, Illinois, US",13,
84,"Montevideo, Uruguay","Montevideo, Uruguay",,
85,"Jersey, Channel Islands","Atlanta, Georgia, US",?,
86,"Kotka, Finland",New York City,D,
87,"Rotherfield, East Sussex, England","Essex County, New Jersey, US",,
88,"London, England",New York City,,
89,"Winnipeg, Manitoba, Canada","Winnipeg, Manitoba, Canada",10,
90,"Milan[83], Italy",New York City,,
91,"London, England",New York City,,
92,"Kalfsnäs, Småland, Sweden","Chicago, Illinois, US",,
93,"Amenia, North Dakota, US","Amenia, North Dakota, US",,
94,"Bartley Farm, Hampshire, England","Wichita, Kansas, US",,
95,"London, England","Merrill, Wisconsin, US",,
96,"Heron's Ghyll, East Sussex, England","New York, US",,240{?}MB
97,"New York, New York, US","New York, New York, US",,
98,"New York, New York, US","New York, New York, US",7,
99,"Southampton, Hampshire, England, UK",New York City,?,
100,"Vitebsk, Russian Empire","Bronx, New York, US",,283MB
101,"Vagovina, Croatia","Harrisburg, Pennsylvania, US",,
102,"Belish, Troyan, Bulgaria","Chicago, Illinois, US",,
103,"Brunswick, Maine, US","Brunswick, Maine, US",,169MB
104,"Bäckebo, Småland, Sweden","Cheyenne, North Dakota, US",,285MB
105,"Ruotsinpyhtää, Finland",New York City,,98MB
106,"Gumostnik, Lovec, Bulgaria","Chicago, Illinois, US",,
107,"Ålesund, Møre og Romsdal, Norway","Proctor, Minnesota, US",C,
108,"Bergen, Norway",New York City,B,
109,"Bosanska Krupa, Bosnia","Harrisburg, Pennsylvania, US",,
110,"Askeaton, Limerick, Ireland","Brooklyn, New York, US",16,
111,"Worcester, Massachusetts, US","Worcester, Massachusetts, US",,207MB
112,"Unknown, Syria",New York City,,328MM
113,"Cambridge, Cambridgeshire, England",New York City,,
114,"Paavola, Northern Ostrobothnia, Finland",New York City,,
115,"Beirut, Lebanon",New York City,,
116,"Heinola, Finland",New York City,,
117,"Charleville, Cork, Ireland",New York City,,171MB
118,"Plymouth, Devon, England","Salt Lake City, Utah, US",,
119,"Montreal, Quebec, Canada","Montreal, Quebec, Canada",,
120,"Kisa, Östergötland, Sweden","Winnipeg, Manitoba, Canada",,
121,"Fritham, Hampshire, England","The Pas, Manitoba, Canada",,
122,"Kingston upon Thames, London, England","Hoboken, New Jersey, US",,
123,"Zahlé, Lebanon, Ottoman Empire[note 7]","Cleveland, Ohio, US",,43MB
124,"Bude, Cornwall, England","Hartford, Connecticut, US",12,
125,"Brunswick, Maine, US","Brunswick, Maine, US",,
126,"El-Hakour, Lebanon","Jacksonville, Florida, US",C,
127,"Craghbrien, Clare, Ireland",New York City,,
128,"Trondheim, Norway","Brooklyn, New York, US",13,
129,"Sar'al, Syria[81]","Detroit, Michigan, US",C,
130,"Effington Rut, South Dakota, US","Effington Rut, South Dakota, US",,
131,"Hrastelnica, Croatia",New York City,,51MB
132,"Funchal, Madeira Islands, Portugal",New York City,,
133,"St Austell, Cornwall, England","Yonkers, New York, US",,7MB
134,"Bromsgrove, Worcestershire, England","Montreal, Quebec, Canada",10,
135,"Porthallow, Cornwall, England","Houghton, Michigan, US",,
136,"Paris, France","Montreal, Quebec, Canada",,
137,"New York, New York, US","New York, New York, US",5,
138,"Scituate, Massachusetts, US","Scituate, Massachusetts, US",,
139,"Hedesunda, Gävleborg, Sweden","Mitchell, South Dakota, US",,
140,"Paris, France","New York, New York, US",,
141,"Unknown, Lebanon","Kent, British Columbia, Canada",,
142,"Kisa, Östergötland, Sweden","Hackensack, New Jersey, US",13,
143,"Helsinki, Finland","Monessen, Pennsylvania, US",15,
144,"Glanmire, Cork, Ireland","Charlestown, US",,
145,"San Ambrosio, Córdoba, Argentina","Trenton, New Jersey, US",,
146,"St. Ives, Cornwall, England","Houghton, Michigan, US",,101MB
147,"Malmö, Skåne, Sweden","Chicago, Illinois, US",A,
148,"Rotherfield, East Sussex, England","Essex County, New Jersey, US",,
149,"Nice, France",New York City,,15MB
150,"London, England","Jacksonville, Florida, US",,
151,"Jacksonville, Florida, US","Jacksonville, Florida, US",,174MB
152,"Isleworth, London, England, UK","New York, New York, US",8,
153,"Bournemouth, Dorset, England","Washington, DC, US",,201MB
154,"London, England","North Wales, Pennsylvania, US",,255MB
155,"Sunnhordland, Norway","Broderick, Canada",,
156,"Geneva, Switzerland","Radnor, Pennsylvania, US",,
157,"Esker, Longford, Ireland",New York City,16,
158,"London, England",New York City,,
159,"Pisac, Croatia",New York City,,
160,"Peterborough, Cambridgeshire, England","Jacksonville, Florida, US",,
161,"Bournemouth, Dorset, England","Newark, New Jersey, US",,
162,"Aberdeen, Aberdeenshire, Scotland","Portland, Oregon, US",9,
163,"Fridhemsberg, Halland, Sweden","Monee, Illinois, US",,
164,"Brezik, Croatia","Sault Ste. Marie, Michigan, US",,
165,"Ylihärmä, South Ostrobothnia, Finland","Coal Center, Pennsylvania, US",,
166,"Strood, Kent, England","Detroit, Michigan, US",C,
167,"St Leonards-on-Sea, East Sussex, England, UK","New York, New York, US",6,
168,"Hällekis, Västergötland, Sweden","Iron Mountain, Michigan, US",,
169,"New York, New York, US","New York, New York, US",,
170,"Hong Kong, China",New York City,,
171,"Brooklyn, New York, US","Brooklyn, New York, US",,245MB
172,"Athlone, Westmeath, Ireland","Spokane, Washington, US",,
173,"St. Charles, Illinois, US","St. Charles, Illinois, US",15,
174,"Mountain Home, Idaho, US","Mountain Home, Idaho, US",,
175,"Paris, France","Long Island, New York, US",,
176,"Grimshut, Småland, Sweden",New York City,,
177,"Liévin, Pas-de-Calais, France","Mystic, Iowa, US",,
178,"Chicago, Illinois, US","Chicago, Illinois, US",,
179,"Auburn, New York, US","Auburn, New York, US",,75MB
180,"New York City, New York, US",New York City,,
181,"Peterborough, Cambridgeshire, England","Jacksonville, Florida, US",,
182,"Paris, France","New York, New York, US",,
183,"Alseda, Småland, Sweden","Worcester, Massachusetts, US",,
184,"Guntur, Madras Province, British India","Benton Harbor, Michigan, US",11,
185,"Zürich, Switzerland","Milwaukee, Wisconsin, US",2,
186,"Seattle, Washington, US","Seattle, Washington, US",,
187,"Pallasgreen, Limerick, Ireland",New York City,?,
188,"New York, New York, US","New York, New York, US",9,
189,"Carrowskehine, Mayo, Ireland","Chicago, Illinois, US",,
190,"Bratina, Croatia","Youngstown, Ohio, US",,
191,"Brooklyn, New York, US","Brooklyn, New York, US",9,
192,"St. Ives, Cornwall, England","Houghton, Michigan, US",,18MB
193,"Eskilstrup, Denmark","Portland, Oregon, US",16,
194,"Nice, France",New York City,D,
195,"Denver, Colorado, US","Denver, Colorado, US",6,
196,"New York, New York, US","New York, New York, US",6,
197,"Ballywilliam, Wexford, Ireland","Chicago, Illinois, US",,
198,"Trondheim, Norway","Brooklyn, New York, US",,
199,"Askeaton, Limerick, Ireland",New York City,15,
200,"Paris, France","Montreal, Quebec, Canada",,
201,"Westrozebeke, Belgium",New York City,,
202,"Peterborough, Cambridgeshire, England","Jacksonville, Florida, US",,
203,"Munsala, Finland","Vancouver, British Columbia, Canada",,143MB
204,"Hardîne, Lebanon","Wilkes-Barre, Pennsylvania, US",,
205,"London, England","Brooklyn, New York, US",12,
206,"Indiana Harbor, Indiana, US","Indiana Harbor, Indiana, US",,
207,"Kotka, Finland",New York City,,
208,"Fredericksburg, Virginia, US","Fredericksburg, Virginia, US",15,
209,"Corglass, Longford, Ireland",New York City,16,
210,"Glen Ridge, New Jersey, US","Glen Ridge, New Jersey, US",7,
211,"Buenos Aires, Argentina",New York City,,
212,"London, England, UK","Mamaronek, New York, US",14,
213,"Holsworthy, Devon, England","Saskatoon, Saskatchewan, Canada",,
214,"Kølsen, Vorde Sogn, Denmark","San Francisco, California, US",,305MB
215,"Aughnacliffe, Longford, Ireland","Jersey City, New Jersey, US",,
216,"Lexington, Massachusetts, US","Lexington, Massachusetts, US",6,
217,"Saarijärvi, Finland",New York City,?,
218,"London, England","Montreal, Quebec, Canada",,
219,"Philadelphia, Pennsylvania, US","Philadelphia, Pennsylvania, US",8,
220,"London, England",New York City,,
221,"London, England","Cleveland, Ohio, US",B,
222,"Lake Arthur, New Mexico, US","Lake Arthur, New Mexico, US",,
223,"Dorking, Surrey, England","Lead, South Dakota, US",,
224,"Unknown, Bulgaria","Coon Rapids, Iowa, US",,
225,"New York, New York, US","Stamford, Connecticut, US",D,
226,"Firtby, Finland",New York City,,
227,"Chelsea, London, England","Long Island, New York, US",B,
228,"Northlew, Devon, England",New York City,,
229,"Oslo, Norway","Bayonne, New Jersey, US",,
230,"Liévin, Pas-de-Calais, France","Mystic, Iowa, US",,
231,"New York, New York, US","New York, New York, US",D,
232,"Nyköping, Södermanland, Sweden","Hartford, Connecticut, US",,
233,"Hjo, Västergötland, Sweden","Sault Ste Marie, Michigan, US",10,
234,"Alseda, Småland, Sweden","Worcester, Massachusetts, US",15,
235,"London, England",New York City,,108MB
236,"Thornton Heath, London, England","New London, Connecticut, US",,
237,"Porthoustock, Cornwall, England","Sacramento, California, US",,
238,"Bishopstoke, Hampshire, England","Payette, Idaho, US",14,
239,"Gunnislake, Cornwall, England","Butte, Montana, US",,
240,"Philadelphia, Pennsylvania, US","Philadelphia, Pennsylvania, US",,
241,"Unknown, Syria",New York City,,
242,"Aghnacliffe, Longford, Ireland","Philadelphia, Pennsylvania, US",16,
243,"London, England","Detroit, Michigan, US",,
244,"Kauhajoki, Finland","Sudbury, Ontario, Canada",,
245,"Ottawa, Ontario, Canada","Ottawa, Ontario, Canada",,
246,"Fond du Lac, Wisconsin, US","Fond du Lac, Wisconsin, US",,230MB
247,"Stockholm, Sweden","Saranac Lake, New York, US",,
248,"Detroit, Michigan, US","Detroit, Michigan, US",4,
249,"New York, New York, US","New York, New York, US",5,
250,"London, England, UK",New York City,,
251,"Penarth, Glamorgan, Wales",New York City,,
252,"Indiana Harbor, Indiana, US","Indiana Harbor, Indiana, US",,
253,"London, England, UK","New York, New York, US",,
254,"Scranton, Pennsylvania, US","Scranton, Pennsylvania, US",,
255,"Suistamo, Finland","Astoria, Oregon, US",,
256,"Tibnin, Lebanon","Dowagiac, Michigan, US",C,
257,"New York, New York, US","New York, New York, US",D,
258,"London, England, UK","Vancouver, British Columbia, Canada",8,
259,"Germantown, Pennsylvania, US","Germantown, Pennsylvania, US",3,
260,"Woodford County, Kentucky, US","Woodford County, Kentucky, US",12,
261,"Caltra, Galway, Ireland","Hammond, Indiana, US",,
262,"Alseda, Småland, Sweden","Worcester, Massachusetts, US",15,
263,"New York, New York, US","New York, New York, US",,
264,"Wallasey, Merseyside, England, UK","New York, New York, US",,110MB
265,"Clonown, Roscommon, Ireland","Boston, Massachusetts, US",,
266,"Slinfold, West Sussex, England",New York City,,
267,"Ylihärmä, South Ostrobothnia, Finland","Coal Center, Pennsylvania, US",,
268,"Stockholm, Uppland, Sweden","Indianapolis, Indiana, US",15,
269,"Greenwich, Connecticut, US","Greenwich, Connecticut, US",3,
270,"New York, New York, US","New York, New York, US",8,
271,"Bryn Mawr, Pennsylvania, US","Bryn Mawr, Pennsylvania, US",,
272,"Sundbyberg, Sweden",New York City,15,
273,"Wimbledon, London, England","Bennington, Vermont, US",14,
274,"Brooklyn, New York, US","Brooklyn, New York, US",,
275,"Athenry, Galway, Ireland",New York City,16,
276,"Hudson, New York, US","Hudson, New York, US",10,
277,"Stockholm, Sweden","Stratford, Connecticut, US",,
278,"Belfast, Ireland",New York City,,
279,"Athlone, Westmeath, Ireland","Spokane, Washington, US",,
280,"East Providence, Rhode Island, US","East Providence, Rhode Island, US",A,
281,"Bunmahon, Waterford, Ireland","Morris Plains, New Jersey, US",,
282,"Eslöv, Skåne, Sweden",New York City,,
283,"Heldergem, Haaltert, East Flanders, Belgium","Gladstone, Michigan, US",,
284,"Liss, Hampshire, England","Oglesby, Illinois, US",B,
285,"Streatham, London, England, UK","New York, New York, US",,
286,"Galdovo, Croatia",New York City,,
287,"Aspelare, East Flanders, Belgium","Detroit, Michigan, US",11,
288,"Gumostnik, Lovech, Bulgaria","Chicago, Illinois, US",,
289,"Tokyo, Japan","Tokyo, Japan",10,
290,"Cortrasna, Cavan, Ireland",New York City,13,
291,"London, England, UK","New York, New York, US",6,
292,"Dowagiac, Michigan, US","Dowagiac, Michigan, US",7,
293,"Montreal, Quebec, Canada","Montreal, Quebec, Canada",,
294,"Altdorf, Uri, Switzerland","Chicago, Illinois, US",,
295,"Unknown, Bulgaria","Coon Rapids, Iowa, US",,
296,"Chicago, Illinois, US","Chicago, Illinois, US",,
297,"Kfar Mechi, Syria","Ottawa, Ontario, Canada",,188MB
298,"Montreal, Quebec, Canada","Montreal, Quebec, Canada",,
299,"Manchester, England, UK","New York, New York, US",3,
300,"Montreal, Quebec, Canada","Montreal, Quebec, Canada",6,
301,"Cuilmullagh, Mayo, Ireland","Chicago, Illinois, US",16,
302,"Carrickatane, Tyrone, Ireland","Brooklyn, New York, US",16,
303,"Hawthorne, New Jersey, US",New York City,,
304,"Castleconnell, Limerick, Ireland[note 1]","Harrisburg, Pennsylvania, US",10,
305,"Guernsey, Channel Islands, Channel Islands",New York City,,
306,"Montreal, Quebec, Canada","Montreal, Quebec, Canada",11,
307,"Haverford, Pennsylvania, US","Haverford, Pennsylvania, US",4,
308,"Madrid, Spain","New York, New York, US",8,
309,Russia,"New York, New York, US",,
310,"London, England, UK","New York, New York, US",1,
311,"New York, New York, US","New York, New York, US",7,
312,"Cooperstown, New York, US","Cooperstown, New York, US",4,
313,"Minneapolis, Minnesota, US","Minneapolis, Minnesota, US",,
314,"Vagovina, Croatia","Harrisburg, Pennsylvania, US",,306MB
315,"Ilford, Essex, England","Winnipeg, Manitoba, Canada",,
316,"Ramkvilla, Småland, Sweden","Joliet, Illinois, US",13,
317,"Vitebsk, Russian Empire","Bronx, New York, US",12,
318,"Frankfort, Kentucky, US","Frankfort, Kentucky, US",,
319,"Youngstown, Ohio, US","Youngstown, Ohio, US",8,
320,"Tuxedo Park, New York, US","Tuxedo Park, New York, US",3,
321,"Week St Mary, Cornwall, England","Saskatoon, Saskatchewan, Canada",,
322,"Unknown, Bulgaria","Chicago, Illinois, US",,
323,"Halifax, Nova Scotia, Canada","Vancouver, British Columbia, Canada",13,
324,"Bangkok, Siam","Roseville, Illinois, US",13,
325,"Peterborough, Cambridgeshire, England","Jacksonville, Florida, US",,
326,"New York, New York, US","New York, New York, US",8,
327,"Øyer, Norway","Grand Forks, North Dakota, US",,
328,"Bristol, Avon, England","Jacksonville, Florida, US",10,
329,"Strood, Kent, England","Detroit, Michigan, US",C,
330,"Chicago, Illinois, US","Chicago, Illinois, US",4,
331,"Carrickatane, Tyrone, Ireland","Brooklyn, New York, US",16,
332,"Tolworth, London, England, UK","Toronto, Ontario, Canada",,166MB
333,"Winnipeg, Manitoba, Canada","Winnipeg, Manitoba, Canada",,147MB
334,"Zwevezele, Belgium","Fremont, Ohio, US",,
335,"London, England, UK","New York, New York, US",5,
336,"Unknown, Bulgaria","Coon Rapids, Iowa, US",,
337,"Isleworth, London, England, UK","New York, New York, US",,
338,"Tuxedo Park, New York, US","Tuxedo Park, New York, US",3,
339,"Adelaide, South Australia, Australia","Fingal, North Dakota, US",15,
340,"Trenton, New Jersey, US","Trenton, New Jersey, US",,
341,"Nice, France",New York City,D,
342,"Winnipeg, Manitoba, Canada","Winnipeg, Manitoba, Canada",10,
343,"Helsinki, Finland, Russian Empire[note 6]","Ashtabula, Ohio, US",,
344,"Liverpool, Merseyside, England","Minatitlán, Veracruz, Mexico",,
345,"Rochester, New York, US","Rochester, New York, US",,236MB
346,"London, England, UK","Montreal, Quebec, Canada",11,
347,"Basingstoke, Hampshire, England","Washington, DC US",9,
348,,,,
349,"London, England","Brooklyn, New York, US",2,
350,"Ostrovica, Croatia","Red Lodge, Montana, US",,
351,"Örsjö, Kalmar, Sweden","Peoria, Illinois, US",,
352,"London, England, UK","Newark, New Jersey, US",,
353,"Kafr Mishki, Lebanon","Ottawa, Ontario, Canada",,
354,"Altdorf, Uri, Switzerland","New Glarus, Wisconsin, US",,
355,"Tebnin, Lebanon",New York City,,
356,"Haaltert, Belgium",New York City,,
357,"St Leonards-on-Sea, East Sussex, England, UK","New York, New York, US",6,
358,"Janjgir-Champa, British India, UK[note 3]","Bally, Pennsylvania, US",,
359,"Corlough, Cavan, Ireland",New York City,13,
360,"Currafarry, Galway, Ireland",New York City,16,
361,"Hällekis, Västergötland, Sweden","Iron Mountain, Michigan, US",,
362,"Montecarlo, Lucca, Tuscany, Italy","Chicago, Illinois, US",,295MB
363,"Kafr Mishki, Lebanon","Ottawa, Ontario, Canada",,
364,"Buenos Aires, Argentina",New York City,,
365,"Pallasgreen, Limerick, Ireland","Chicago, Illinois, US",,
366,"Asarum, Småland, Sweden","Brooklyn, New York, US",,72MB
367,"Portland, Oregon, US","Portland, Oregon, US",5,
368,"Hardîne, Lebanon","Wilkes-Barre, Pennsylvania, US",?,
369,"Ballydehob, Cork, Ireland","East Lynn, Massachusetts, US",D,
370,"Paris, France","New York, New York, US",9,
371,"New York, New York, US","New York, New York, US",5,
372,"Vaasa, Finland","Montreal, Quebec, Canada",,314
373,"Fillingham, Lincolnshire, England","Russell, US",,
374,"New York, New York, US","New York, New York, US",,232MB
375,"Bjuv, Skåne, Sweden","Chicago, Illinois, US",,
376,"New York, New York, US","New York, New York, US",6,
377,"Karlshamn, Blekinge, Sweden",New York City,13,
378,"Philadelphia, Pennsylvania, US","Philadelphia, Pennsylvania, US",,
379,"Zgharta, Lebanon","Waterbury, Connecticut, US",,
380,"Myren, Synnerby, Västergötland, Sweden","Aberdeen, South Dakota, US",,
381,"New York, New York, US","New York, New York, US",4,
382,"Zgharta, Lebanon","Waterbury, Connecticut, US",C,
383,"Pielavesi, Finland",New York City,,
384,"New York, New York, US","New York, New York, US",8,
385,"Unknown, Bulgaria","Tulsa, Oklahoma, US",,
386,"Lyndhurst, Hampshire, England","Eden, Manitoba, Canada",,
387,"Fulham, England","Niagara Falls, New York, US",,4MB[84]
388,"Sittingbourne, Kent, England","San Francisco, US",9,
389,"Mohill, Leitrim, Ireland","Lakewood Township, New Jersey, US",,
390,"Lotzwil, Switzerland","Central City, Iowa, US",12,
391,"Bryn Mawr, Pennsylvania, US","Bryn Mawr, Pennsylvania, US",C,
392,"Örebro, Sweden","Swedeburg, Nebraska, US",A,
393,"Ruotsinpyhtää, Finland",New York City,,
394,"Lexington, Massachusetts, US","Lexington, Massachusetts, US",6,
395,"Motala, Östergötland, Sweden","San Francisco, US",13,
396,"Frostensmåla, Småland, Sweden","St. Paul, Minnesota, US",,156MB
397,"Södra Brantevik, Sweden","St. Paul, Minnesota, US",,
398,"Guernsey, Channel Islands","Rochester, New York, US",,
399,"Hamilton, Ontario, Canada","Hamilton, Ontario, Canada",,
400,"Columbus, Ohio, US","Columbus, Ohio, US",9,
401,"Kivijärvi, Finland","Boston, Massachusetts, US",9,
402,"Bournemouth, Dorset, England","La Porte City, Iowa, US",,103MB
403,"Paavola, Northern Ostrobothnia, Finland",New York City,,
404,"Helsinki, Finland","Monessen, Pennsylvania, US",,
405,"Konjsko Brdo, Croatia","Chicago, Illinois, US",,
406,"Harrowbarrow, Cornwall, England","Clear Creek, Colorado, US",,
407,"Algutsrum, Kalmar, Sweden",New York City,,
408,"Penzance, Cornwall, England","Akron, Ohio, US",4,
409,"Bremnes, Norway",New York City,,
410,"Liévin, Pas-de-Calais, France","Mystic, Iowa, US",,
411,"Unknown, Bulgaria","Chicago, Illinois, US",,
412,"Ballysadare, Sligo, Ireland","Boston, Massachusetts, US",,
413,"Fond du Lac, Wisconsin, US","Fond du Lac, Wisconsin, US",14,
414,"Belfast, Ireland",New York City,,
415,"Munsala, Finland","Cheyenne, Wyoming, US",15,
416,"Penarth, Glamorgan, Wales",New York City,,
417,"Greenport, New York, US","Greenport, New York, US",10,
418,"Tornio, Finland, Russian Empire[note 6]","Minneapolis, Minnesota, US",16,
419,"St Austell, Cornwall, England","La Salle, Illinois, US",,
420,"Kerksken, Belgium","Detroit, Michigan, US",,
421,"Unknown, Bulgaria","Butte, Montana, US",,
422,"Ballinalee, Longford, Ireland",New York City,,
423,"Todtmoos, Germany","Saskatoon, Saskatchewan, Canada",,
424,"Göteborg, Västergötland, Sweden","Stanton, Iowa, US",,
425,"Suistamo, Finland","Astoria, Oregon, US",,
426,"London, England","Quebec City, Quebec, Canada",,
427,"Netley Abbey, Hampshire, England","San Francisco, California, US",14,
428,"Birmingham, Worcester, England","Los Angeles, US",11,
429,"Cuilkillew, Mayo, Ireland",New York City,,
430,"Warsaw, Poland","San Francisco, US",9,
431,"Stockholm, Sweden","Washington, DC, US",D,
432,"Maidstone, Kent, England","Clinton, New York, US",10,
433,"Weston-super-Mare, North Somerset, England",New York City,14,
434,"Kauhajoki, Finland","Sudbury, Ontario, Canada",,
435,"Duluth, Minnesota, US","Duluth, Minnesota, US",,
436,"Bryn Mawr, Pennsylvania, US","Bryn Mawr, Pennsylvania, US",4,
437,"Rotherfield, East Sussex, England","Essex County, New Jersey, US",,
438,"Penzance, Cornwall, England","Akron, Ohio, US",4,
439,"Winnipeg, Manitoba, Canada","Winnipeg, Manitoba, Canada",,
440,"Trollhättan, Västergötland, Sweden","Arlington, Virginia, US",,165MB
441,"Ilford, Essex, England","Winnipeg, Manitoba, Canada",14,
442,"Westrozebeke, Belgium","Detroit, Michigan, US",,
443,"Västermo, Södermanland, Sweden","Chicago, Illinois, US",,
444,"Marbella, Spain",New York City,9,
445,"Avaldsnes, Stavanger, Norway",New York City,13,
446,"San Francisco, California, US","San Francisco, California, US",5,
447,"Wimbledon, London, England","Bennington, Vermont, US",14,
448,"New York, New York, US","New York, New York, US",7,
449,"Ḑuhūr ash Shuwayr, Lebanon","Brooklyn, New York, US",C,
450,"Toronto, Ontario, Canada","Toronto, Ontario, Canada",6,
451,"Bournemouth, Dorset, England","Gainesville, Florida, US",,
452,"Skaare, Haugesund, Norway","Belmar, New Jersey, US",,
453,"New York, New York, US","New York, New York, US",,
454,"Paris, France","New York, New York, US",5,
455,"London, England",New York City,,
456,"Topolovac, Croatia","Galesburg, Illinois, US",15,
457,"East Bridgewater, Massachusetts, US","East Bridgewater, Massachusetts, US",,249MB
458,"Pittsburgh, Pennsylvania, US","Pittsburgh, Pennsylvania, US",8,
459,"Indianapolis, Indiana, US","Indianapolis, Indiana, US",9,
460,"Boherbue, Cork, Ireland",New York City,,
461,"New York, New York, US","New York, New York, US",3,
462,"Petworth, West Sussex, England",New York City,,
463,"St Annes-on-Sea, Lancashire, England, UK","Mexico City, Mexico",,275MB
464,"Odense, Denmark","Oregon, Wisconsin, US",,271MB
465,"London, England",New York City,,
466,"Calheta, Madeira, Portugal",New York City,,
467,"Belfast, Ireland",New York City,,
468,"Kildale, North Yorkshire, England, UK","New York, New York, US",,
469,"Rathkeale, Limerick, Ireland",New York City,,
470,"Ḑuhūr ash Shuwayr, Lebanon","Brooklyn, New York, US",C,
471,"Rahway, New Jersey, US","Rahway, New Jersey, US",A,332O
472,"Široka Kula, Croatia","Chicago, Illinois, US",,
473,"Bournemouth, Dorset, England","Gainesville, Florida, US",10,
474,New York City,New York City,11,
475,"Turku, Finland",New York City,,
476,"Stoughton, Massachusetts, US","Stoughton, Massachusetts",,
477,"Elizabeth, New Jersey, US","Elizabeth, New Jersey, US",,
478,"Bridgerule, Devon, England","Qu'Appelle Valley, Saskatchewan, Canada",,
479,"Örebro, Sweden","Palmer, Massachusetts, US",,
480,"Taalintehdas, Finland","Monessen, Pennsylvania, US",15,
481,"Fulham, England","Niagara Falls, New York, US",,
482,"Belfast, Northern Ireland, UK",New York City,,
483,"Sittingbourne, Kent, England","Cleveland, Ohio, US",,
484,"Jalasjärvi, Southern Ostrobothnia, Finland","Hibbing, Minnesota, US",15,
485,"Dowagiac, Michigan, US","Dowagiac, Michigan, US",7,
486,"Liévin, Pas-de-Calais, France","Mystic, Iowa, US",,
487,"New York, New York, US","Stamford, Connecticut, US",D,
488,"Buffalo, New York, US","Buffalo, New York, US",,258MB
489,"Greatfield, Cheltenham, England","Canastota, New York, US",,
490,"London, England","Brooklyn, New York, US",2,
491,"Skaare, Haugesund, Norway","Belmar, New Jersey, US",,
492,"Cape Town, South Africa",New York City,,
493,"Montreal, Quebec, Canada","Montreal, Quebec, Canada",,
494,"Buenos Aires, Argentina","New York, New York, US",,22MB
495,"Swanage, England","Cleveland, Ohio, US",,
496,"Hardîne, Lebanon","Youngstown, Ohio, US",,312M
497,"Brookline, Massachusetts, US","Brookline, Massachusetts, US",4,
498,"Bristol, Avon, England","Troy, New York, US",,
499,"Montreal, Quebec, Canada","Montreal, Quebec, Canada",,
500,"Björkeberga, Skåne, Sweden",New York City,,
501,"Brezik, Croatia","Sault Ste. Marie, Michigan, US",,
502,"Tonacrick, Clare, Ireland","Philadelphia, Pennsylvania, US",,
503,"Glenduff, Kerry, Ireland",New York City,,
504,"Helsinki, Finland",New York City,,
505,"Vancouver, British Columbia, Canada","Vancouver, British Columbia, Canada",8,
506,"Madrid, Spain","New York, New York, US",,
507,"Plymouth, Devon, England","Detroit, Michigan, US",11,
508,"Los Angeles, California, US","Los Angeles, California, US",9,
509,"Bergen, Norway",New York City,,173MB
510,"Hong Kong, China",New York City,14,
511,"Athlone, Westmeath, Ireland",New York City,B,
512,"San Francisco, US","San Francisco, US",,
513,"Philadelphia, Pennsylvania, US","Philadelphia, Pennsylvania, US",7,
514,"New York, New York, US","New York, New York, US",6,
515,"Debnevo, Troyan, Bulgaria","Chicago, Illinois, US",,
516,"East Orange, New Jersey, US","East Orange, New Jersey, US",,
517,"Chicago, Illinois, US","Chicago, Illinois, US",14,
518,"Askeaton, Limerick, Ireland","Bronx, New York, US",,
519,"Warwick, Warwickshire, England",New York City,11,
520,"Vagovina, Croatia","Harrisburg, Pennsylvania, US",,
521,"Montreal, Quebec, Canada","Montreal, Quebec, Canada",3,
522,"Jesenice, Slovenia","St. Joseph, Minnesota, US",,
523,"Zgharta, Lebanon","Waterbury, Connecticut, US",,
524,"Chicago, Illinois, US","Chicago, Illinois, US",4,
525,"Shana, Lebanon",New York City,,
526,"Killoe, Longford, Ireland",New York City,,68MB
527,"London, England","Marietta, Ohio, US",13,
528,"New York, New York, US","New York, New York, US",,
529,"Aberdeen, Washington, US","Aberdeen, Washington, US",,
530,"Akron, Ohio, US","Akron, Ohio, US",,
531,"Plymouth, Devon, England","Detroit, Michigan, US",11,
532,"Hardîne, Lebanon",New York City,,
533,"Kafr Mishki, Lebanon","Ottawa, Ontario, Canada",,
534,"Sar'al, Syria","Detroit, Michigan, US",C,
535,"Široka Kula, Croatia","Chicago, Illinois, US",,
536,"Ilford, Essex, England","Winnipeg, Manitoba, Canada",14,
537,"Washington, DC, US","Washington, DC, US",,
538,"Minneapolis, Minnesota, US","Minneapolis, Minnesota, US",2,
539,"Deal, Kent, England","Groesbeck, Texas, US",,
540,"Zürich, Switzerland","New York, New York, US",5,
541,"Milwaukee, Wisconsin, US","Milwaukee, Wisconsin, US",7,
542,"Kisa, Östergötland, Sweden","Winnipeg, Manitoba, Canada",,
543,"Kisa, Östergötland, Sweden","Winnipeg, Manitoba, Canada",,
544,New York City,New York City,13,
545,"Minneapolis, Minnesota, US","Minneapolis, Minnesota, US",,62MB
546,"Shanklin, Isle of Wight, England, UK","New York, New York, US",,263MB
547,"Norwich, Norfolk, England",New York City,13,
548,"Barcelona, Catalonia, Spain","Havana, Cuba",9,
549,"Strood, Kent, England","Detroit, Michigan, US",,
550,"St. Ives, Cornwall, England, UK","Houghton, Michigan, US",14,
551,"Haverford, Pennsylvania, US","Haverford, Pennsylvania, US",B,
552,"London, England, UK",New York City,,
553,"Drimoleague, Cork, Ireland",New York City,,
554,"Toula, Lebanon","Dayton, Ohio, US",6,
555,"Mariestad, Västergötland, Sweden","Chicago, Illinois, US",C,
556,"Halifax, Nova Scotia, Canada","Halifax, Nova Scotia, Canada",,
557,"London, England, UK","New York, New York, US",1,
558,,,,
559,"New York, New York, US","New York, New York, US",8,
560,"Tampico, Montana, US","Tampico, Montana, US",13,
561,"Rathfriland, Down, Ireland","Gleichen, Alberta, Canada",,
562,"Bosanska Krupa, Bosnia","Harrisburg, Pennsylvania, US",,
563,"Glasgow, Scotland","Houghton, Michigan, US",,287MB
564,"Leigh, Kent, England",New York City,,
565,"Eastbourne, East Sussex, England",New York City,,
566,"West Bromwich, Staffordshire, England","Pontiac, Michigan, US",,
567,"Gumostnik, Lovec, Bulgaria","Chicago, Illinois, US",,
568,"Bjuv, Skåne, Sweden","Chicago, Illinois, US",,206MB
569,"Beirut, Lebanon","Youngstown, Ohio, US",,
570,"Kalfsnäs, Småland, Sweden","Huntley, Illinois, US",15,
571,"London, England",New York City,15,
572,"New York, New York, US","New York, New York, US",2,
573,"Brooklyn, New York, US","Brooklyn, New York, US",5,
574,"Castlepollard, Westmeath, Ireland",New York City,D,
575,"Strood, Kent, England","Detroit, Michigan, US",,
576,"Wollaston, Northamptonshire, England","Kitchener, Ontario, Canada",,
577,"Liverpool, Merseyside, England","Brooklyn, New York, US",12,
578,"Duluth, Minnesota, US","Duluth, Minnesota, US",11,
579,"Kfar Mechi, Syria","Ottawa, Ontario, Canada",,
580,"Elimäki, Finland","Monessen, Pennsylvania, US",15,
581,"London, England, UK","Montreal, Quebec, Canada",12,
582,"Haverford, Pennsylvania, US","Haverford, Pennsylvania, US",4,
583,"Rochester, New York, US","Rochester, New York, US",,
584,"Winnipeg, Manitoba, Canada","Winnipeg, Manitoba, Canada",,
585,"Unknown, Unknown",New York City,,
586,"New York, New York, US","New York, New York, US",8,
587,"Stoneygate, Leicestershire, England",New York City,,
588,"Zürich, Switzerland","New York, New York, US",5,
589,"Abercynon, Glamorgan, Wales","Chicago, Illinois, US",,47MB
590,"London, England",New York City,,
591,"Kyyny, Finland","Sudbury, Ontario, Canada",,
592,"Paris, France","Haverford, Pennsylvania, US",4,
593,"Taunton, Somerset, England","Gurnee, Illinois, US",,
594,"Carrowskehine, Mayo, Ireland","Chicago, Illinois, US",,
595,"Liskeard, Cornwall, England","Spokane, Washington, US",,17MB
596,"Kerksken, Belgium","Detroit, Michigan, US",,
597,"London, England","Chicago, Illinois, US",11,
598,"Millwood, England",New York City,,
599,"Kfar Mechi, Syria","Ottawa, Ontario, Canada",,
600,"London, England, UK","New York, New York, US",1,
601,"London, England","Montreal, Quebec, Canada",12,
602,"Unknown, Bulgaria",New York City,,
603,"Washington, DC, US","Washington, DC, US",,
604,"Unknown, Germany",New York City,,
605,"Indianapolis, Indiana, US","Indianapolis, Indiana, US",15,
606,"Helsingborg, Skåne, Sweden","Hartford, Connecticut, US",A,
607,"Vagovina, Croatia","Youngstown, Ohio, US",,
608,"Philadelphia, Pennsylvania, US","Philadelphia, Pennsylvania, US",3,
609,"Paris, France","Cap-Haïtien, Haiti",14,
610,"Greenwich, Connecticut, US","Greenwich, Connecticut, US",3,
611,"Kisa, Östergötland, Sweden","Winnipeg, Manitoba, Canada",,
612,"Calheta, Madeira, Portugal",New York City,,
613,"Fostragh, Longford, Ireland","Philadelphia, Pennsylvania, US",16,
614,"Unknown, Ireland",New York City,,
615,"Broomfield, Essex, England",New York City,,
616,"Yeovil, Somerset, England","Bernardsville, New Jersey, US",9,
617,"Göteborg, Västergötland, Sweden","Stanton, Iowa, US",,197MB
618,"Scranton, Pennsylvania, US","Scranton, Pennsylvania, US",,55MB
619,"Guntur, Madras Province, British India","Benton Harbor, Michigan, US",11,
620,"Guernsey, Channel Islands","Elizabeth, New Jersey, US",,
621,"Unknown, Lebanon","Wilkes-Barre, Pennsylvania, US",,
622,"Boston, Massachusetts, US","Boston, Massachusetts, US",5,
623,"Zgharta, Lebanon","Waterbury, Connecticut, US",C,
624,"Copenhagen, Denmark","Racine, Wisconsin, US",,69MB
625,"Treherbert, Glamorgan, Wales",New York City,,
626,"Haddonfield, New Jersey, US","Haddonfield, New Jersey, US",,46MB
627,"Glasgow, Scotland","Tuxford, Saskatchewan, Canada",,
628,"Hudson, New York, US","Hudson, New York, US",10,
629,"Unknown, Bulgaria","Chicago, Illinois, US",,
630,"Kingwilliamstown, Cork, Ireland",New York City,,
631,"Hessle, East Yorkshire, England, UK","New York, New York, US",B,
632,"Fyrnan, Småland, Sweden","Spokane, Washington, US",,
633,"Basel, Switzerland","New York, New York, US",3,
634,"Belfast, Ireland, UK","New York, New York, US",,
635,"Hällekis, Västergötland, Sweden","Iron Mountain, Michigan, US",,
636,"London, England, UK","Tottenville, New York, US",13,
637,"Valitaipale, Finland",New York City,,
638,"Bishopstoke, Hampshire, England","Payette, Idaho, US",,
639,"Ylihärmä, South Ostrobothnia, Finland","Coal Center, Pennsylvania, US",,
640,"Maidstone, Kent, England","Clinton, New York, US",,
641,"Eskilstrup, Denmark","Portland, Oregon, US",,
642,"Paris, France","New York, New York, US",9,
643,"Hällekis, Västergötland, Sweden","Iron Mountain, Michigan, US",,
644,"Hong Kong, China",New York City,C,
645,"Ḑuhūr ash Shuwayr, Lebanon","Brooklyn, New York, US",C,
646,"New York, New York, US","New York, New York, US",3,
647,"Kricina, Croatia","Great Falls, Montana, US",,
648,"Basel, Switzerland","New York, New York, US",3,
649,"Market Drayton, Shropshire, England","Schenectady, New York, US",,
650,"Wallingford, Oxfordshire, England","New Haven, Connecticut, US",C,
651,"Unknown, Bulgaria","Chicago, Illinois, US",,
652,"Southampton, Hampshire, England, UK",New York City,?,
653,"Etnesjøen, Hordaland Fylke, Norway","Story City, Iowa, US",,
654,"Kingwilliamstown, Cork, Ireland",New York City,13,
655,"Whitechurch, Cork, Ireland","Charlestown, US",,
656,"Fritham, Hampshire, England","Eden, Manitoba, Canada",,
657,"Unknown, Bulgaria","Chicago, Illinois, US",,
658,"Carrowskehine, Mayo, Ireland","Chicago, Illinois, US",,
659,"London, England, UK","Detroit, Michigan, US",,
660,"Lexington, Massachusetts, US","Lexington, Massachusetts, US",,122MB
661,"London, England, UK","New York, New York, US",5,
662,"Tripoli, Lebanon",New York City,,
663,"Dublin, Ireland, UK[note 1]","Vancouver, British Columbia, Canada",,
664,"Gumostnik, Lovec, Bulgaria","Chicago, Illinois, US",,
665,"Taalintehdas, Finland","Monessen, Pennsylvania, US",15,
666,"Fritham, Hampshire, England","The Pas, Manitoba, Canada",,256MB
667,"Southsea, Hampshire, England",New York City,,97MB
668,"Hogstad, Norway",New York City,,
669,"Unknown (Estonia?), Russia (Estonia?)",New York City,,
670,"London, England, UK","East Orange, New Jersey, US",5,
671,"Cape Town, South Africa, UK","Seattle, Washington, US",14,
672,"Montreal, Quebec, Canada","Montreal, Quebec, Canada",,
673,"Guernsey, Channel Islands","Toledo, Ohio, US",,
674,"London, England",New York City,9,
675,"Belfast, Northern Ireland, UK",New York City,,
676,"Tofta, Uppland, Sweden","Joliet, Illinois, US",,
677,"Basingstoke, Hampshire, England","Halley, Michigan, US",,284MB
678,"Oulainen, Oulu, Finland","Ashtabula, Ohio, US",15,
679,"Fulham, England","Niagara Falls, New York, US",,
680,"Germantown, Pennsylvania, US","Germantown, Pennsylvania, US",3,
681,"Cahir, Tipperary, Ireland",New York City,,
682,"Cairo, Egypt","New York, New York, US",3,
683,"Vikersund, Norway","Carneron, US",,89MB
684,"Fulham, England","Niagara Falls, New York, US",,
685,"Cape Town, South Africa, UK[note 4]","Seattle, Washington, US",,
686,"Paris, France","Cap-Haïtien, Haiti",,
687,"Ylihärmä, South Ostrobothnia, Finland","Coal Center, Pennsylvania, US",,
688,"Gornji Miholjac, Croatia",New York City,,
689,"Björkeberga, Skåne, Sweden",New York City,,
690,"St Louis, Missouri, US","St Louis, Missouri, US",2,
691,"Calgary, Alberta, Canada","Calgary, Alberta, Canada",3,
692,"Milje, Slovenia","Galesburg, Illinois, US",15,
693,"Hong Kong, China",New York City,C,
694,"Kfar Mechi, Syria","Ottawa, Ontario, Canada",,
695,"New York, New York, US","New York, New York, US",,
696,"Bronx, New York, US","Bronx, New York, US",,130MB
697,"Leixlip, Kildare, Ireland","New Haven, Connecticut, US",,
698,"Esker, Longford, Ireland",New York City,16,
699,"Haverford, Pennsylvania, US","Haverford, Pennsylvania, US",,
700,"Borgund, Møre og Romsdal, Norway","Milwaukee, Wisconsin, US",,
701,"New York, New York, US","New York, New York, US",4,
702,"St Louis, Missouri, US","St Louis, Missouri, US",5,
703,"Kafr Mishki, Lebanon","Ottawa, Ontario, Canada",,
704,"Caltra, Galway, Ireland",New York City,,
705,"Holeby, Storstrøm, Denmark","Racine, Wisconsin, US",,
706,"Birmingham, Worcester, England","Los Angeles, US",,
707,"London, England",New York City,9,
708,"New York, New York, US","New York, New York, US",5,
709,"London, England, UK","Montreal, Quebec, Canada",11,
710,"Hardîne, Lebanon","Houtzdale, Pennsylvania, US",C,
711,"Brussels, Belgium","Montreal, Quebec, Canada",6,
712,"Portland, Oregon, US","Portland, Oregon, US",,
713,"London, England, UK","East Orange, New Jersey, US",5,
714,"Stamford, Connecticut, US","Stamford, Connecticut, US",,
715,"Bronx, New York, US","Bronx, New York, US",,19MB
716,"Ålesund, Møre og Romsdal, Norway","Minneapolis, Minnesota, US",,
717,"New York, New York, US","New York, New York, US",4,
718,"Bath, Somerset, England","Auburndale, Florida, US",16,
719,"Dublin, Ireland",New York City,,
720,"Minneapolis, Minnesota, US","Minneapolis, Minnesota, US",,37MB
721,"London, England","Chicago, Illinois, US",11,
722,"Eskilstrup, Denmark","Portland, Oregon, US",,
723,"Abbeyleix, Laois, Ireland[note 1]","Vancouver, British Columbia, Canada",,
724,"Southampton, Hampshire, England","Boston, Massachusetts, US",,149MB
725,"New York, New York, US","New York, New York, US",5,
726,"Konjsko Brdo, Croatia","Chicago, Illinois, US",,
727,"Elizabeth, New Jersey, US","Elizabeth, New Jersey, US",12,
728,"Caltra, Galway, Ireland",New York City,16,
729,"Skara, Västergötland, Sweden","Rockford, Illinois, US",,
730,"Paavola, Northern Ostrobothnia, Finland",New York City,,
731,"St Louis, Missouri, US","St Louis, Missouri, US",2,
732,"Fredericksburg, Virginia, US","Fredericksburg, Virginia, US",,
733,"Belfast, Ireland",New York City,,
734,"St. Ives, Cornwall, England","Calumet, Michigan, US",,
735,"London, England",New York City,,
736,"Tonypandy, Glamorgan, Wales",New York City,,14MB
737,"Rotherfield, East Sussex, England","Essex County, New Jersey, US",,
738,"Germantown, Pennsylvania, US","Germantown, Pennsylvania, US",3,
739,"Malka Ribnya, Troyan, Bulgaria","Chicago, Illinois, US",,
740,"Unknown, Bulgaria","Chicago, Illinois, US",,
741,"Kingston, Surrey, England, UK","New York, New York, US",3,
742,"London, England, UK","New York, New York, US",,172MB
743,"Cooperstown, New York, US","Cooperstown, New York, US",4,
744,"Convoy, Donegal, Ireland, England","Philadelphia, Pennsylvania, US",,
745,"Muljula, Kitee, Finland","Duluth, Minnesota, US",9,
746,"Milwaukee, Wisconsin, US","Milwaukee, Wisconsin, US",,269MB
747,"East Providence, Rhode Island, US","East Providence, Rhode Island, US",,
748,"Turku, Finland, Russian Empire[note 6]","Brighton, Boston, Massachusetts, US",10,
749,"New York, New York, US","New York, New York, US",,
750,"Brooklyn, New York, US","Brooklyn, New York, US",,
751,"Heamoor, Cornwall, England","Akron, Ohio, US",14,
752,"Unknown, Russia","Chicago, Illinois, US",14,
753,"Denderhoutem, Belgium",New York City,,
754,"Gumostnik, Lovec, Bulgaria","Chicago, Illinois, US",,
755,"Yeovil, Somerset, England","Bernardsville, New Jersey, US",9,
756,"Detroit, Michigan, US","Detroit, Michigan, US",4,
757,"Dagsås, Halland, Sweden","Tower, Minnesota, US",,
758,"Penzance, Cornwall, England","Akron, Ohio, US",,
759,"Strood, Kent, England","Detroit, Michigan, US",,176MB
760,"Vancouver, British Columbia, Canada","Vancouver, British Columbia, Canada",8,
761,"Wollaston, Northamptonshire, England","Kitchener, Ontario, Canada",,
762,"Kauhajoki, Finland","Sudbury, Ontario, Canada",,
763,"Hardîne, Lebanon","Wilkes-Barre, Pennsylvania, US",15,
764,"Bryn Mawr, Pennsylvania, US","Bryn Mawr, Pennsylvania, US",4,
765,"Kårberg, Örebro, Sweden","Jerome Junction, Arizona, US",,
766,"Hudson, New York, US","Hudson, New York, US",10,
767,"Philadelphia, Pennsylvania, US","Philadelphia, Pennsylvania, US",,
768,"Carrowkehine, Mayo, Ireland","Chicago, Illinois, US",,61MB
769,"Askeaton, Limerick, Ireland","Brooklyn, New York, US",,
770,"Bokn, Norway","Portland, North Dakota, US",,
771,"Haaltert, Belgium","Detroit, Michigan, US",,
772,"Portland, Oregon, US","Portland, Oregon, US",,
773,"Southampton, Hampshire, England",New York City,,52MB
774,"Unknown, Lebanon",New York City,,
775,"Penzance, Cornwall, England","Akron, Ohio, US",4,
776,"Kristinehamn, Värmland, Sweden","Chicago, Illinois, US",,
777,"Cahir, Tipperary, Ireland",New York City,,
778,"New York City, New York, US",New York City,13,
779,"Currafarry, Galway, Ireland",New York City,,
780,"St Louis, Missouri, US","St Louis, Missouri, US",2,
781,"Beirut, Lebanon","Owen Sound, Ontario, Canada",C,
782,"Calgary, Alberta, Canada","Calgary, Alberta, Canada",3,
783,"Springfield, Massachusetts, US","Springfield, Massachusetts, US",,126MB
784,"Thornton Heath, London, England","New London, Connecticut, US",,
785,"Buenos Aires, Argentina",New York City,,79MB
786,"Manchester, England","Montreal, Quebec, Canada",,
787,"Munsala, Finland","Olympia, Washington, US",16,
788,"Athlone, Westmeath, Ireland","Spokane, Washington, US",,
789,"Bartley Farm, Hampshire, England","Wichita, Kansas, US",10,
790,"Paris, France","New York, New York, US",,
791,"Athenry, Galway, Ireland","Auburndale, Florida, US",,
792,"Liverpool, Merseyside, England","Montreal, Quebec, Canada",,
793,"Peterborough, Cambridgeshire, England","Jacksonville, Florida, US",,
794,"New York, New York, US","New York, New York, US",14,[66][67]
795,"Terziysko, Troyan, Bulgaria","Chicago, Illinois, US",,
796,"Middleburg Heights, Ohio, US","Middleburg Heights, Ohio, US",,
797,"New York, New York, US","New York, New York, US",8,
798,"Vagovina, Croatia","Steelton, Pennsylvania, US",?,
799,"Beirut, Lebanon",New York City,,
800,"Kerksken, Belgium","Detroit, Michigan, US",,
801,"Southampton, Hampshire, England",New York City,,
802,"Bishopstoke, Hampshire, England","Payette, Idaho, US",14,
803,"Bryn Mawr, Pennsylvania, US","Bryn Mawr, Pennsylvania, US",4,
804,"Hardîne, Lebanon","Wilkes Barre, Pennsylvania, US",16,
805,"St. Paul, Minnesota, US","St. Paul, Minnesota, US",15,
806,"Duluth, Minnesota, US","Duluth, Minnesota, US",,
807,"Belfast, Ireland, UK","New York, New York, US",,
808,"Stockholm, Uppland, Sweden","Iron Mountain, Michigan, US",,
809,"Harrow, London, England",New York City,,
810,"New York, New York, US","New York, New York, US",5,
811,"Great Yarmouth, Norfolk, England","Albion, Michigan, US",,
812,"West Bromwich, Staffordshire, England","Pontiac, Michigan, US",,
813,"Landrake, Cornwall, England","Nashua, New Hampshire, US",,
814,"Kisa, Östergötland, Sweden","Winnipeg, Manitoba, Canada",,
815,"Portage la Prairie, Manitoba, Canada","Des Moines, Iowa, US",,50MB
816,"Liverpool, Merseyside, England, UK","New York, New York, US",,
817,"Turku, Finland",New York City,,8MB
818,"Montreal, Quebec, Canada","Montreal, Quebec, Canada",,
819,"Karlshamn, Blekinge, Sweden",New York City,,
820,"Hällekis, Västergötland, Sweden","Iron Mountain, Michigan, US",,
821,"Montreal, Quebec, Canada","Montreal, Quebec, Canada",3,
822,"Konjsko Brdo, Croatia","Chicago, Illinois, US",15,
823,"Rotterdam, The Netherlands","New York, New York, US",,
824,"Unknown, Russia","Chicago, Illinois, US",14,
825,"Ylihärmä, South Ostrobothnia, Finland","Coal Center, Pennsylvania, US",,
826,"Clonbur, Galway, Ireland","Pittsburgh, Pennsylvania, US",,
827,"Hong Kong, China",New York City,,
828,"Montreal, Quebec, Canada","Montreal, Quebec, Canada",10,
829,"Bayonne, New Jersey, US","Guttenberg, New Jersey, US",15,
830,"New York, New York, US","New York, New York, US",6,
831,"Unknown, Lebanon","Wilkes-Barre, Pennsylvania, US",C,
832,"Penzance, Cornwall, England","Akron, Ohio, US",4,
833,"Tebnine, Lebanon",New York City,,
834,"Krakoryd, Småland, Sweden","Bloomington, Indiana, US",,
835,"Southall, London, England",New York City,,259MB
836,"Lakewood, New Jersey, US","Lakewood, New Jersey, US",14,
837,"Streklevac, Slovenia","Aurora, Illinois, US",,
838,"London, England",New York City,,
839,"Hong Kong, China",New York City,C,
840,"Paris, France","New York, New York, US",7,
841,"Salo, Finland","Astoria, Oregon, US",,
842,"Huntingfield, Suffolk, England",New York City,,
843,"Bryn Mawr, Pennsylvania, US","Bryn Mawr, Pennsylvania, US",4,
844,"Áyios Sóstis, Greece","Stamford, Connecticut US",,196MB
845,"Lipova Glavica, Croatia","Hammond, Indiana, US",,
846,"Cincinnati, Ohio, US","Cincinnati, Ohio, US",,
847,"Peterborough, Cambridgeshire, England","Jacksonville, Florida, US",,
848,"Gumostnik, Lovec, Bulgaria","Chicago, Illinois, US",,
849,"London, England","Chicago, Illinois, US",,
850,"Paris, France","New York, New York, US",5,
851,"Kisa, Östergötland, Sweden","Winnipeg, Manitoba, Canada",,
852,"Reftele, Småland, Sweden","Effington Rut, South Dakota, US",,
853,"Unknown, Lebanon","Kent, British Columbia, Canada",,
854,"Paris, France","Hanover, New Hampshire, US",9,
855,"London, England, UK",New York City,,
856,"London, England","Norfolk, Virginia, US",13,
857,"Youngstown, Ohio, US","Youngstown, Ohio, US",8,
858,"Lima, Peru","Lima, Peru",A,
859,"Ḑuhūr ash Shuwayr, Lebanon","Brooklyn, New York, US",C,
860,"Tebnine, Lebanon",New York City,,
861,"Racine, Wisconsin, US","Racine, Wisconsin, US",,
862,"Porthleven, Cornwall, England","Camden, New Jersey, US",,
863,"New York, New York, US","New York, New York, US",8,
864,"Peterborough, Cambridgeshire, England","Jacksonville, Florida, US",,
865,"Clevedon, North Somerset England",New York City,,155MB
866,New York City,New York City,?,
867,"Barcelona, Catalonia, Spain","Havana, Cuba",12,
868,"Trenton, New Jersey, US","Trenton, New Jersey, US",,
869,"Haaltert, East Flanders, Belgium","Detroit, Michigan, US",,
870,"St. Charles, Illinois, US","St. Charles, Illinois, US",15,
871,"Bosanska Krupa, Bosnia","Harrisburg, Pennsylvania, US",,
872,"New York, New York, US","New York, New York, US",5,
873,"New York, New York, US","New York, New York, US",,
874,"Zwevezele, Belgium","Detroit, Michigan, US",,
875,Russia,"New York, New York, US",10,
876,"El Shweir, Lebanon","Brooklyn, New York, US",C,
877,"Kokkola, Finland","Waukegan, Illinois, US",,
878,"Gumostnik, Lovec, Bulgaria","Chicago, Illinois, US",,
879,"Knezhni Lak, Troyan, Bulgaria","Chicago, Illinois, US",,
880,"Philadelphia, Pennsylvania, US","Philadelphia, Pennsylvania, US",7,
881,"Deer Lodge, Montana, US","Deer Lodge, Montana, US",12,
882,"Milje, Slovenia",New York City,,
883,"Stockholm, Sweden","Chicago, Illinois, US",,
884,"Plymouth, Devon, England","Houghton, Michigan, US",,
885,"London, England","Buffalo, New York, US",,
886,"Athlone, Westmeath, Ireland","Spokane, Washington, US",,12MB
887,"Gudinė, Lithuania [76]","Worcester, Massachusetts, US",,
888,"Greenwich, Connecticut, US","Greenwich, Connecticut, US",3,
889,"Thornton Heath, London, England","New London, Connecticut, US",,
890,"New York, New York, US","New York, New York, US",5,
891,"Patrickswell, Limerick, Ireland",New York City,,
892,"Unknown, Ireland",New York City,,70MB
893,"Penzance, Cornwall, England","Akron, Ohio, US",16,
894,"Fermoy, Ireland[note 1]","Waban, Massachusetts, US",,
895,"Uster, Switzerland","Beloit, Wisconsin, US",,131MB
896,"Taalintehdas, Finland","Monessen, Pennsylvania, US",15,
897,"Knäred, Halland, Sweden","Beresford, South Dakota, US",13,
898,"Bank Place, Tipperary, Ireland","Dobbs Ferry, New York, US",,
899,"Bangkok, Siam[note 5]","Roseville, Illinois, US",13,
900,"Shwayhad, Syria","Greensburg, Pennsylvania, US",C,
901,"West Bromwich, Staffordshire, England","Pontiac, Michigan, US",,
902,"Unknown, Bulgaria","Chicago, Illinois, US",,
903,"Bennington, Vermont, US","Bennington, Vermont, US",,80MB
904,"Minneapolis, Minnesota, US","Minneapolis, Minnesota, US",7,
905,"Swindon, Wiltshire, England","Idaho, US",,
906,"Amenia, North Dakota, US","Amenia, North Dakota, US",4,
907,"Montecarlo, Lucca, Tuscany, Italy","Chicago, Illinois, US",11,
908,"Limerick, Ireland[note 1]","St Louis, Missouri, US",,
909,"Kafr Mishki, Lebanon","Ottawa, Ontario, Canada",,
910,"New York City, New York, US",New York City,,
911,"Kafr Mishki, Lebanon","Ottawa, Ontario, Canada",C,
912,"New York, New York, US","New York, New York, US",,
913,"Trondheim, Norway","Brooklyn, New York, US",13,
914,"New York, New York, US","New York, New York, US",7,
915,"Geneva, Switzerland","Radnor, Pennsylvania, US",A,
916,"Cooperstown, New York, US","Cooperstown, New York, US",4,
917,"St Austell, Cornwall, England","Yonkers, New York, US",,119MB
918,"Providence, Rhode Island, US","Providence, Rhode Island, US",5,
919,"Ibrin[85], Syria or Lebanon","Kulpmont, Pennsylvania, US",,9MB
920,"Pomeroy, Washington, US","Pomeroy, Washington, US",,
921,"Hardîne, Lebanon","Wilkes-Barre, Pennsylvania, US",,
922,"Weston-super-Mare, North Somerset, England",New York City,,121MB
923,"Guernsey, Channel Islands","Elizabeth, New Jersey, US",,
924,"Bartley Farm, Hampshire, England","Wichita, Kansas, US",10,
925,"Thornton Heath, London, England","New London, Connecticut, US",,
926,"New York, New York, US","New York, New York, US",11,
927,"Agios Sostis, Greece","Milwaukee, Wisconsin, US",,58MB
928,"London, England",New York City,C,
929,"Široka Kula, Croatia","Chicago, Illinois, US",,
930,"Zwevezele, Belgium","Detroit, Michigan, US",11,
931,"Hong Kong, China",New York City,,
932,"Milje, Slovenia","Galesburg, Illinois, US",15,
933,"London, England, UK","New York, New York, US",,
934,"Unknown, Russia","Philadelphia, Pennsylvania, US",,
935,"Provo, Utah, US","Provo, Utah, US",,
936,"Boston, Massachusetts, US","Boston, Massachusetts, US",5,
937,"Helsinki, Finland",New York City,,
938,"Paris, France","Ottawa, Ontario, Canada",7,
939,"Tynagh, Galway, Ireland",New York City,,
940,"Philadelphia, Pennsylvania, US","Philadelphia, Pennsylvania, US",8,
941,"London, England","Brooklyn, New York, US",2,
942,"Huntington, West Virginia, US","Huntington, West Virginia, US",,
943,New York City,New York City,,
944,"Penzance, Cornwall, England","Akron, Ohio, US",4,
945,"Winnipeg, Manitoba, Canada","Winnipeg, Manitoba, Canada",10,
946,"Paris, France",New York City,,
947,"Athlone, Westmeath, Ireland","Spokane, Washington, US",,
948,"Kricina, Croatia","Great Falls, Montana, US",,
949,"Perkins County, South Dakota, US","Perkins County, South Dakota, US",A,
950,"Liverpool, Merseyside, England","Bedford, Indiana, US",,
951,"Cooperstown, New York, US","Cooperstown, New York, US",4,
952,"Podgora, Croatia","Vancouver, British Columbia, Canada",,
953,"Sydney, New South Wales, Australia",Canada,,209MB
954,"Stockholm, Sweden",New York City,,
955,"Kingwilliamstown, Cork, Ireland","Glen Falls, New York, US",13,
956,"Cooperstown, New York, US","Cooperstown, New York, US",4,
957,"Pittsburgh, Pennsylvania, US","Pittsburgh, Pennsylvania, US",,
958,"Kilmacowen, Sligo, Ireland",New York City,,
959,"Washington, DC, US","Washington, DC, US",,
960,"Albany, New York, US","Albany, New York, US",7,
961,"Winnipeg, Manitoba, Canada","Winnipeg, Manitoba, Canada",10,
962,"Athlone, Westmeath, Ireland","Providence, Rhode Island, US",15,
963,"Gumostnik, Lovec, Bulgaria","Chicago, Illinois, US",,
964,"Karinainen, Finland","Aberdeen, Washington, US",,
965,"Havana, Cuba","Havana, Cuba",,189MB
966,"Philadelphia, Pennsylvania, US","Philadelphia, Pennsylvania, US",4,
967,"Philadelphia, Pennsylvania, US","Philadelphia, Pennsylvania, US",,45MB
968,"Greenwich, London, England",New York City,,
969,"New York, New York, US","New York, New York, US",2,
970,"Bryn Mawr, Pennsylvania, US","Bryn Mawr, Pennsylvania, US",,
971,"Bree, Wexford, Ireland",New York City,,
972,"Unknown, Lebanon","Kent, British Columbia, Canada",,
973,"New York, New York, US","New York, New York, US",,96MB
974,"Ascot, Berkshire, England, UK","Rochester, New York, US",,
975,"Unknown, Macedonia",New York City,,
976,"Glencree, Ireland[note 1]","Providence, Rhode Island, US",,
977,"Hardîne, Lebanon","Wilkes Barre, Pennsylvania, US",,
978,"New York City, New York, US",New York City,,
979,"Clevedon, North Somerset, England","Skaneateles, New York, US",C,
980,"Cum, Mayo, Ireland","Chicago, Illinois, US",,
981,"Heamoor, Cornwall, England","Akron, Ohio, US",14,
982,"New Haven, Connecticut, US","New Haven, Connecticut, US",16,
983,"Sandefjord, Norway","Seattle, Washington, US",,
984,"Montreal, Quebec, Canada","Montreal, Quebec, Canada",3,
985,"London, England","Clinton, New York, US",,
986,"Antwerp, Belgium","San Francisco, California, US",,148MB
987,"Stockholm, Uppland, Sweden","Burlington, Iowa, US",13,
988,"London, England, UK","New York, New York, US",6,
989,"Ikaalinen, Pirkanmaa, Finland","Glassport, Pennsylvania, US",,
990,"Medeltorp, Småland, Sweden","Chicago, Illinois, US",,
991,"St Austell, Cornwall, England","Yonkers, New York, US",,
992,"Newark, New Jersey, US","Newark, New Jersey, US",5,
993,"Bromsgrove, Worcestershire, England","Montreal, Quebec, Canada",,293MB
994,"Donoughmore, Cork, Ireland",New York City,,
995,"Kvarnaryd, Småland, Sweden","New Haven, Connecticut, US",15,
996,"Hardîne, Lebanon","Wilkes Barre, Pennsylvania, US",14,
997,"Bergen, Norway",New York City,,
998,"Kingwilliamstown, Cork, Ireland",New York City,13,
999,"Ballinascreen, Tipperary, Ireland","Troy, New York, US",14,
1000,"Unknown, Russia","Chicago, Illinois, US",,
1001,"Montreal, Quebec, Canada","Montreal, Quebec, Canada",,294MB
1002,New York City,New York City,,
1003,"Cork, Cork, Ireland",New York City,?,
1004,"New York, New York, US","New York, New York, US",,
1005,"Ovens, Cork, Ireland","Roxbury, Massachusetts, US",,299MB
1006,"New York, New York, US","New York, New York, US",,
1007,"Agios Sostis, Peloponnese, Greece",New York City,,
1008,"Unknown, Unknown","Columbus, Ohio, US",,
1009,"Motala, Östergötland, Sweden","San Francisco, US",13,
1010,"Fergus, Ontario, Canada","Fergus, Ontario, Canada",A[64],331O
1011,"Liskeard, Cornwall, England","Spokane, Washington, US",,
1012,"Aberdeen, Aberdeenshire, Scotland","Portland, Oregon, US",9,
1013,"Jersey City, New Jersey, US","Jersey City, New Jersey, US",,
1014,"Hamburg, German Empire[note 2]","New York, New York, US",11,
1015,"Southampton, Hampshire, England",New York City,,
1016,"Watergate, Limerick, Ireland",New York City,15?,
1017,"Bournemouth, Dorset, England","Newark, New Jersey, US",12,
1018,"Norrköping, Östergötland, Sweden","Worcester, Massachusetts, US",,
1019,"Carrickatane, Tyrone, Ireland","Brooklyn, New York, US",16,
1020,"London, England",New York City,,
1021,"London, England",New York City,,
1022,"Arboretum, Worcestershire, England","Gloversville, New York, US",,
1023,"Washington, DC, US","Washington, DC, US",B,
1024,"Liévin, Pas-de-Calais, France","Mystic, Iowa, US",,
1025,"Hardîne, Lebanon","Wilkes Barre, Pennsylvania, US",,
1026,"Unknown, Bulgaria","Tulsa, Oklahoma, US",,
1027,"Göteborg, Västergötland, Sweden","Huntley, Illinois, US",,
1028,"Kiğı, Turkey","Brantford, Ontario, Canada",,304MB
1029,"Newark, New Jersey, US","Newark, New Jersey, US",,
1030,"Mogilev, Belarus",New York City,13,
1031,"Fulham, England","Niagara Falls, New York, US",,
1032,"Fulham, England","Niagara Falls, New York, US",,
1033,"Montreal, Quebec, Canada","Montreal, Quebec, Canada",8,
1034,"Cooperstown, New York, US","Cooperstown, New York, US",,
1035,"London, England, UK",New York City,,194MB
1036,"Jordanstorp, Södermanland, Sweden","New York, New York, US",,
1037,"Zwevezele, Belgium","Fremont, Ohio, US",,
1038,"Brighton, Massachusetts, US","Brighton, Massachusetts, US",,
1039,"Pontardawe, West Glamorgan, Wales","Pontiac, Michigan, US",,
1040,"Roachdale, Indiana, US","Roachdale, Indiana, US",,
1041,"Minneapolis, Minnesota, US","Minneapolis, Minnesota, US",,
1042,,,,
1043,"Gabrovo, Bulgaria","Madison, Wisconsin, US",,
1044,"Liverpool, Merseyside, England,",New York City,,261MB
1045,"Salmunds, Gotland, Sweden","Los Angeles, US",,
1046,"Alseda, Småland, Sweden","Worcester, Massachusetts, US",,
1047,"Saint Sampson, Guernsey, Channel Islands, England","Albion, New York, US",D,
1048,"New York, New York, US","New York, New York, US",8,
1049,,,,
1050,"London, England, UK","Toronto, Ontario, Canada",,
1051,"Southampton, Hampshire, England","Elizabeth, New Jersey, US",,
1052,"Kilcogy, Cavan, Ireland",New York City,13,
1053,"Tibnin, Lebanon","Dowagiac, Michigan, US",C,
1054,"Yeovil, Somerset, England","Cottage Grove, Oregon, US",9,
1055,"London, England",New York City,,
1056,"Scheyern, Bavaria, German Empire[note 2]","St. Cloud, Minnesota, US",,
1057,"Zürich, Switzerland","Milwaukee, Wisconsin, US",2,
1058,"Omaha, Nebraska, US","Omaha, Nebraska, US",,208MB
1059,"Rotherfield, East Sussex, England","Essex County, New Jersey, US",,
1060,"New York, New York, US","New York, New York, US",5,
1061,"Stora Tuna, Sweden","Evanston, Illinois, US",C,
1062,"Edinburgh, Scotland",New York City,,
1063,"Kiğı, Turkey","Brantford, Ontario, Canada",,
1064,"New Haven, Connecticut, US","New Haven, Connecticut, US",,
1065,"Unknown, Syria",New York City,,
1066,"Alseda, Småland, Sweden","Worcester, Massachusetts, US",,142MB
1067,"Cape Town, South Africa, UK","Seattle, Washington, US",14,
1068,"St. Ives, Cornwall, England","Hancock, Michigan, US",11,
1069,"Newark, New Jersey, US","Newark, New Jersey, US",1,
1070,"Guntur, Madras Province, British India[note 3]","Benton Harbor, Michigan, US",11,
1071,"Lakewood, New Jersey, US","Lakewood, New Jersey, US",14,
1072,"Sarnia, Ontario, Canada","Sarnia, Ontario, Canada",,
1073,"Lakewood, New Jersey, US","Lakewood, New Jersey, US",,
1074,"New York, New York, US","New York, New York, US",10,
1075,"Limerick, Limerick, Ireland",New York City,,
1076,"Montreal, Quebec, Canada","Montreal, Quebec, Canada",6,
1077,"Weston-super-Mare, North Somerset, England","Moose Jaw, Saskatchewan, Canada",,
1078,"Ilfracombe, Devon, England","New Brighton, Pennsylvania, US",12,
1079,"West Bromwich, Staffordshire, England","Pontiac, Michigan, US",,
1080,"Peterborough, Cambridgeshire, England","Jacksonville, Florida, US",,
1081,"Barre, Vermont, US","Barre, Vermont, US",,
1082,"Warwick, Warwickshire, England",New York City,,
1083,"New York, New York, US","New York, New York, US",1,
1084,"London, England","North Wales, Pennsylvania, US",,1{?}MB[86][87]
1085,"Chelsea, Michigan, US","Chelsea, Michigan, US",,
1086,"Greenport, New York, US","Greenport, New York, US",10,
1087,"Göteborg, Västergötland, Sweden",New York City,,
1088,"Tuxedo Park, New York, US","Tuxedo Park, New York, US",3,
1089,"Lysvik, Värmland, Sweden","Missoula, Montana, US",D,
1090,"Saint Peter Port, Guernsey, Channel Islands",New York City,,
1091,"Haugesund, Rogaland, Norway","Centerville, South Dakota, US",,
1092,"Dublin, Ireland",New York City,16,
1093,"Göteborg, Västergötland, Sweden","Stanton, Iowa, US",,
1094,"New York, New York, US","New York, New York, US",,124MB
1095,"Plymouth, Devon, England","Detroit, Michigan, US",11,
1096,"Redruth, Cornwall, England","Houghton, Michigan, US",,
1097,"Le Havre, France","New York, New York, US",7,
1098,"Terry, Mayo, Ireland","Chicago, Illinois, US",,
1099,"London, England","Port Byron, New York, US",9,
1100,"Paris, France","Cincinnati, Ohio, US",11,
1101,"Bakić, Bosnia","Harrisburg, Pennsylvania, US",,
1102,"Bergen, Norway",New York City,,260MB
1103,"Philadelphia, Pennsylvania, US","Philadelphia, Pennsylvania, US",15,
1104,"Fritham, Hampshire, England, UK","Boston, Massachusetts, US",,
1105,"Swindon, Wiltshire, England","Idaho, US",,
1106,"Vadsbro, Sörmland, Sweden","Manistee, Michigan, US",,
1107,"Chelsea, London, England, UK","New York, New York, US",,
1108,"Derrymartin, Mayo, Ireland",New York City,,
1109,"Youngstown, Ohio, US","Youngstown, Ohio, US",,
1110,"Philadelphia, Pennsylvania, US","Philadelphia, Pennsylvania, US",4,
1111,"Unknown, Scotland",New York City,,
1112,"Barcelona, Catalonia, Spain","Havana, Cuba",12,
1113,"London, England","Toronto, Ontario, Canada",,327MM
1114,"Oxford, Oxfordshire, England",New York City,14,
1115,"Oskarshamn, Kalmar, Sweden","Brooklyn, New York, US",13,
1116,"Washington, DC, US","Washington, DC, US",6,
1117,"Hardîne, Lebanon","Houtzdale, Pennsylvania, US",C,
1118,"Oskarshamn, Kalmar, Sweden","Minneapolis, Minnesota, US",13,
1119,"Trien, Roscommon, Ireland",New York City,,
1120,"Bristol, Avon, England","Troy, New York, US",,187MB
1121,"Devonport, Devon, England","Middletown, Connecticut, US",,
1122,"Yeovil, Somerset, England","Bernardsville, New Jersey, US",,
1123,"Duluth, Minnesota, US","Duluth, Minnesota, US",8,
1124,"Vaasa, Finland","Montreal, Quebec, Canada",,
1125,"Boherbue, Cork, Ireland",New York City,,
1126,"New York, New York, US","New York, New York, US",,
1127,"Östra Sallerup, Skåne, Sweden","St. Paul, Minnesota, US",,
1128,"Portland, Oregon, US","Portland, Oregon, US",,
1129,"Unknown, Lebanon",New York City,,
1130,"Joensuu, Finland, Russian Empire[note 6]","Detroit, Michigan, US",,
1131,"Minneapolis, Minnesota, US","Minneapolis, Minnesota, US",2,
1132,"Stockholm, Sweden","New York, New York, US",6,
1133,"London, England, UK","Montreal, Quebec, Canada",12,
1134,"Tuxedo Park, New York, US","Tuxedo Park, New York, US",3,
1135,"Manchester, England","Springfield, Massachusetts, US",C,
1136,"Thornton Heath, London, England","New London, Connecticut, US",,
1137,"Pittsburgh, Pennsylvania, US","Pittsburgh, Pennsylvania, US",,
1138,"Pittsburgh, Pennsylvania, US","Pittsburgh, Pennsylvania, US",,
1139,"Greenport, New York, US","Greenport, New York, US",,
1140,"Porthoustock, Cornwall, England","Sacramento, California, US",10,
1141,"Hardîne, Lebanon","Wilkes Barre, Pennsylvania, US",,
1142,"Bournemouth, Dorset, England","Gainesville, Florida, US",10,
1143,"Dalsbruk, Finland","Hoboken, New Jersey, US",15,
1144,"Los Angeles, California, US","Los Angeles, California, US",,
1145,"Genevad, Halland, Sweden","Red Wing, Minnesota, US",,
1146,"Vienna, Austria",New York City,,298MB
1147,"London, England","Rochester, New York, US",,
1148,"Currowhunane, Sligo, Ireland","Patterson, New Jersey, US",,
1149,"Västra Bogane, Orust Island, Sweden",New York City,,
1150,"Rochester, New York, US","Rochester, New York, US",12,
1151,"Krøkstad, Ski, Norway","Chicago, Illinois, US",15,
1152,"Tampico, Montana, US","Tampico, Montana, US",15,
1153,"Hörby, Skåne, Sweden","St. Paul, Minnesota, US",,
1154,"Heamoor, Cornwall, England","Akron, Ohio, US",14,
1155,"Grimshut, Småland, Sweden",New York City,,
1156,"Milford, New Hampshire, US","Milford, New Hampshire, US",14,
1157,"Unknown, Bulgaria","Coon Rapids, Iowa, US",,
1158,"Belfast, Ireland, UK","New York, New York, US",,
1159,"Portsmouth, Hampshire, England",New York City,,
1160,"North Walsham, Norfolk, England","Albion, Michigan, US",C,
1161,"Bukovac, Croatia","Chicago, Illinois, US",,
1162,"Vancouver, British Columbia, Canada","Vancouver, British Columbia, Canada",,292MB
1163,"Mullingar, Westmeath, Ireland",New York City,,
1164,"Los Angeles, California, US","Los Angeles, California, US",4,
1165,"Ballymahon, Longford, Ireland",New York City,,
1166,"Sir'Al, Lebanon",New York City,,
1167,"Skara, Västergötland, Sweden","Rockford, Illinois, US",12,
1168,"Guernsey, Channel Islands",New York City,,
1169,"Liverpool, Merseyside, England, UK","Philadelphia, Pennsylvania, US",,286MB
1170,"Bristol, Avon, England","New Britain, Connecticut, US",,
1171,"London, England","North Bergen, New Jersey, US",13,
1172,"Konjsko Brdo, Croatia","Chicago, Illinois, US",,
1173,"Southampton, Hampshire, England","Elizabeth, New Jersey, US",,
1174,"Carrowskehine, Mayo, Ireland",New York City,,
1175,"Tibnin, Lebanon","Dowagiac, Michigan, US",C,
1176,"Suistamo, Finland","Astoria, Oregon, US",,
1177,"Week St Mary, Cornwall, England","Saskatoon, Saskatchewan, Canada",,
1178,"Wellingborough, Northamptonshire, England",Canada,,
1179,"Minneapolis, Minnesota, US","Minneapolis, Minnesota, US",7,
1180,"Kiğı, Turkey","Brantford, Ontario, Canada",,
1181,"Bridgwater, Somerset, England","Elmira, New York, US",,
1182,"Paris, France","New York, New York, US",A,
1183,"Athlone, Westmeath, Ireland",New York City,15,
1184,"Tebnine, Lebanon",New York City,,
1185,"San Francisco, California, US","San Francisco, California, US",13,
1186,"Westrozebeke, Belgium","Detroit, Michigan, US",,
1187,"Terziysko, Troyan, Bulgaria","Chicago, Illinois, US",,
1188,"Paris, France","Cap-Haïtien, Haiti",14,
1189,"Hardîne, Lebanon","Wilkes-Barre, Pennsylvania, US",,
1190,"London, England, UK","New York, New York, US",,
1191,"Chicago, Illinois, US","Chicago, Illinois, US",,
1192,"Lunna, Orust Island, Sweden","Manitowoc, Wisconsin, US",A,
1193,"Paris, France",New York City,,
1194,"Ilfracombe, Devon, England","New Brighton, Pennsylvania, US",,
1195,"Bukovac, Croatia","Chicago, Illinois, US",,
1196,"Tipperary, Ireland","Bayonne, New Jersey, US",?,
1197,"Milwaukee, Wisconsin, US","Milwaukee, Wisconsin, US",7,
1198,"Montreal, Quebec, Canada","Montreal, Quebec, Canada",,135MB
1199,"London, England","Norfolk, Virginia, US",11,
1200,"Montreal, Quebec, Canada","Montreal, Quebec, Canada",,307M
1201,"Racine, Wisconsin, US","Racine, Wisconsin, US",11,
1202,"Široka Kula, Croatia","Chicago, Illinois, US",,
1203,"Kiğı, Turkey","Brantford, Ontario, Canada",13,
1204,"London, England","Providence, Rhode Island, US",,
1205,"Aclare, Sligo, Ireland","Hartford, Connecticut, US",,
1206,"New York, New York, US","New York, New York, US",8,
1207,"Ballysadare, Sligo, Ireland",New York City,,
1208,"New York, New York, US","New York, New York, US",,
1209,"Tavistock, Devon, England","Wilkes Barre, Pennsylvania, US",,
1210,"Tågarp, Skåne, Sweden",New York City,,
1211,"Guernsey, Channel Islands","Elizabeth, New Jersey, US",,
1212,"Hartford, Connecticut, US","Hartford, Connecticut, US",,
1213,"Kiğı, Turkey","Brantford, Ontario, Canada",10,
1214,"London, England","Boston, Massachusetts, US",,
1215,"Liverpool, Merseyside, England, UK","New York, New York, US",,109MB
1216,"St Louis, Missouri, US","St Louis, Missouri, US",2,
1217,"Buenos Aires, Argentina",New York City,,
1218,"Guntur, Madras Province, British India","Benton Harbor, Michigan, US",13,
1219,"New York, New York, US","New York, New York, US",,16MB
1220,"Netley Abbey, Hampshire, England","San Francisco, California, US",,
1221,"Göteborg, Västergötland, Sweden","Rockford, Illinois, US",,
1222,"St. Ives, Cornwall, England","Houghton, Michigan, US",14,
1223,"Philadelphia, Pennsylvania, US","Philadelphia, Pennsylvania, US",,133MB
1224,"Unknown, Lebanon","Columbus, Ohio, US",,
1225,"Zgharta, Lebanon","Waterbury, Connecticut, US",C,
1226,"Kricina, Croatia","Great Falls, Montana, US",,
1227,"Brockton, Massachusetts, US","Brockton, Massachusetts, US",,
1228,"Madeira, Portugal","São Paulo, Brazil",,
1229,,,,
1230,"Guernsey, Channel Islands, UK","Elizabeth, New Jersey, US",,
1231,"Hardîne, Lebanon","Wilkes Barre, Pennsylvania, US",,
1232,"Truro, Cornwall, England, UK","Houghton, Michigan, US",,
1233,"Simrishamn, Skåne, Sweden","Los Angeles, US",15,
1234,"Peterborough, Cambridgeshire, England","Jacksonville, Florida, US",,
1235,"Germantown, Pennsylvania, US","Germantown, Pennsylvania, US",3,
1236,"London, England","North Wales, Pennsylvania, US",,
1237,"Sondmore, Norway","Los Angeles, California, US",16,
1238,"Orange, New Jersey, US","Orange, New Jersey, US",,
1239,"Youngstown, Ohio, US","Youngstown, Ohio, US",C,
1240,"London, England",New York City,,297MB
1241,"Maidenhead, Berkshire, England","Mamaroneck, New York, US",14,
1242,"New York, New York, US","New York, New York, US",7,
1243,"London, England","Detroit, Michigan, US",,81MB
1244,"Lyndhurst, Hampshire, England","Eden, Manitoba, Canada",,
1245,"Yeovil, Somerset, England","Bernardsville, New Jersey, US",,
1246,"Bartley Farm, Hampshire, England","Wichita, Kansas, US",10,
1247,"Torquay, Devon, England, UK","San Francisco, US",,
1248,"Belmont, Massachusetts, US","Belmont, Massachusetts, US",D,
1249,"Sandhurst, Kent, England","Ontario, New York, US",,153MB
1250,"Waterford, Waterford, Ireland",New York City,B,
1251,"Helsingborg, Skåne, Sweden","Hartford, Connecticut, US",A,
1252,"Peterborough, Cambridgeshire, England","Jacksonville, Florida, US",,67MB
1253,"Montreal, Quebec, Canada","Montreal, Quebec, Canada",10,
1254,"Bristol, Avon, England","New Britain, Connecticut, US",10,
1255,"Široka Kula, Croatia","Chicago, Illinois, US",,
1256,"New York, New York, US","New York, New York, US",5,
1257,"Peterborough, Cambridgeshire, England","Jacksonville, Florida, US",,
1258,"Kfar Mechi, Syria","Ottawa, Ontario, Canada",,28MB[82]
1259,"Ylihärmä, South Ostrobothnia, Finland","Coal Center, Pennsylvania, US",,
1260,"New York, New York, US","New York, New York, US",7,
1261,"Barcelona, Catalonia, Spain","Havana, Cuba",9,
1262,"Porthleven, Cornwall, England","Camden, New Jersey, US",,
1263,"Tuxedo Park, New York, US","Tuxedo Park, New York, US",3,
1264,"Liverpool, Merseyside, England, UK","New York, New York, US",C,
1265,"Toledo, Ohio, US","Montreal, Quebec, Canada",,35MB
1266,"San Francisco, California, US","San Francisco, California, US",5,
1267,"Cooperstown, New York, US","Cooperstown, New York, US",4,
1268,"Zürich, Switzerland","Milwaukee, Wisconsin, US",,
1269,"Penzance, Cornwall, England","Akron, Ohio, US",,
1270,"Birmingham, West Midlands, England, UK","New York, New York, US",,
1271,"Alseda, Småland, Sweden","Worcester, Massachusetts, US",,
1272,"Kingwilliamstown, Cork, Ireland",New York City,,
1273,"Broadford, Limerick, Ireland","Larchmont, New York, US",,
1274,"Durban, South Africa","Groesbeck, Texas, US",,
1275,"Salisbury, Wiltshire, England","Philadelphia, Pennsylvania, US",,53MB
1276,"Bath, Somerset, England","Asheville, North Carolina, US",,
1277,"Yeovil, Somerset, England","Bernardsville, New Jersey, US",9,
1278,"Horset, Småland, Sweden","Joliet, Illinois, US",,
1279,"West Hoboken, New Jersey, US","West Hoboken, New Jersey, US",,
1280,"Knockmaria, Mayo, Ireland","Philadelphia, Pennsylvania, US",,
1281,"Bjuv, Skåne, Sweden","Chicago, Illinois, US",,
1282,"Montreal, Quebec, Canada","Montreal, Quebec, Canada",,
1283,"Paris, France","Hanover, New Hampshire, US",9,
1284,"East Providence, Rhode Island, US","East Providence, Rhode Island, US",,
1285,"Carleens, Cornwall, England","Butte, Montana, US",,
1286,"Zürich, Switzerland","Milwaukee, Wisconsin",2,
1287,"Huntington, West Virginia, US","Huntington, West Virginia, US",6,
1288,"Kilkinlea, Limerick, Ireland","Sherbrooke, Quebec, Canada",,
1289,"Zürich, Switzerland","New York, New York, US",5,
1290,"Lysvik, Värmland, Sweden","Missoula, Montana, US",,
1291,"Philadelphia, Pennsylvania, US","Philadelphia, Pennsylvania, US",,
1292,"Youngstown, Ohio, US","Youngstown, Ohio, US",8,
1293,"Harrowbarrow, Cornwall, England, UK","Clear Creek, Colorado, US",,
1294,"New York, New York, US","New York, New York, US",7,
1295,"Montevideo, Uruguay","Montevideo, Uruguay",,
1296,"London, England, UK","New York, New York, US",5,
1297,"Cologne, German Empire[note 2]","New York, New York, US",7,
1298,"Gunnislake, Cornwall, England","Butte, Montana, US",,
1299,"Philadelphia, Pennsylvania, US","Philadelphia, Pennsylvania, US",,
1300,"Glenlougha, Cork, Ireland",New York City,13,
1301,"Southampton, Hampshire, England","Elizabeth, New Jersey, US",,
1302,"Donoughmore, Ireland",New York City,,
1303,"Fond du Lac, Wisconsin, US","Fond du Lac, Wisconsin, US",14,
1304,"Stockholm, Sweden","Iron Mountain, Michigan, US",,3MB
1305,"London, England",New York City,,
1306,"Madrid, Spain","New York, New York, US",8,
1307,"Skaun, Sør-Trøndelag, Norway",US,,32MB
1308,"Greenwich, London, England",New York City,,
1309,"Sar'al[81], Syria","Detroit, Michigan, US",D,
